,,,,,,,,,,,,,
Uygulama Salon Bilgileri :,,,,,,,,,,,,,
Yaralı Taşıma Teknikleri : Prof.Dr. Yavuz BOZFAKIOĞLU (Hulusi Behçet Kütüphanesi Giriş Kat Salon 2 ),,,,,,,,,,,,,
Temel Yaşam Desteği : Prof.Dr. Yavuz BOZFAKIOĞLU (Hulusi Behçet Kütüphanesi Giriş Kat Salon 1),,,,,,,,,,,,,
Kırık-Çıkıklarda İlkyardım : Nöroloji Bilimleri Binası ve Ortopedi Anabilim Dalı 4.Kat,,,,,,,,,,,,,
Mikroskop Kullanma Beceri Uygulaması - Değerlendirme : Histoloji AD. Uygulama Salonu Temel Bilimler -2. katta yapılacaktır.),,,,,,,,,,,,,
Tıbbi Biyoloji : Temel Bilimler Binası Tıbbi Biyoloji Pratik Salonu Kat:2,,,,,,,,,,,,,
Histoloji : Temel Bilimler -2. kat,,,,,,,,,,,,,
Biyokimya  : Temel Bilimler 3. kat ,,,,,,,,,,,,,
Mikrobiyoloji : Temel Bilimler 1. kat ,,,,,,,,,,,,,
Fizyoloji : Temel Bilimler -1. kat,,,,,,,,,,,,,
Biyofizik : Temel Bilimler -1. kat,,,,,,,,,,,,,
Anatomi : Anabilim dalı girişi uygulama salonu,,,,,,,,,,,,,
,,,,,,,,,,,,,
Beceri Laboratuarı Uygulama Yerleri,,,,,,,,,,,,,
Uygulama adı,,Uygulama Yeri,,Telefon,,,,,,,,,
1) Öğrenme,,Amfi Programına bakınız.,,32336,,,,,,,,,
2) Beslenme ,,Amfi Programına bakınız.,,32336,,,,,,,,,
3) İletişim,,Prof.Dr. Yavuz BOZFAKIOĞLU (Hulusi Behçet Kütüphanesi),,32336,,,,,,,,,
"4) Nabız, Kan Basıncı ",,Prof.Dr. Yavuz BOZFAKIOĞLU (Hulusi Behçet Kütüphanesi Giriş Kat Salon 2),,32336,,,,,,,,,
5) Dikiş Düğüm ,,Prof.Dr. Yavuz BOZFAKIOĞLU (Hulusi Behçet Kütüphanesi Giriş Kat  Salon 1),,32336,,,,,,,,,
6) Bilimsel Düşünme 1 ,,Amfi Programına bakınız.,,32336,,,,,,,,,
7) Enjeksiyon,,Prof.Dr. Yavuz BOZFAKIOĞLU (Hulusi Behçet Kütüphanesi Giriş Kat),,32336,,,,,,,,,
8) Şimdi ve Burada ,,Amfi Programına bakınız.,,32336,,,,,,,,,
,,,,,,,,,,,,,
TIBBA MERHABA DİLİMİ,,,,,,,,,,,,,
Uygulama tarihi,Saat,Temel Yaşam Desteği,Yaralı Taşıma,"Kırık-Çıkıklarda
İlkyardım",Mikroskop Kullanma Beceri Uygulaması - Değerlendirme,,,,,,,,
3 Ekim 2025 Cuma,10:30-12:20,A,,C,D,,,,,,,,
6 Ekim 2025 Pazartesi,10:30-12:20,B,,D,E,,,,,,,,
7 Ekim 2025 Salı,10:30-12:20,C,D,E,F,,,,,,,,
7 Ekim 2025 Salı,13:30-15:20,D,E,F,G,,,,,,,,
9 Ekim 2025 Perşembe,10:30-12:20,E,F,,H,,,,,,,,
9 Ekim 2025 Perşembe,13:30-15:20,F,G,,A,,,,,,,,
10 Ekim 2025 Cuma,14:00-15:50,G,H,,B,,,,,,,,
13 Ekim 2025 Pazartesi,10:30-12:20,H,A,,C,,,,,,,,
14 Ekim 2025 Salı,10:30-12:20,,B,,,,,,,,,,
16 Ekim 2025 Perşembe,08.30-10.20,,,,,,,,,,,,
17 Ekim 2025 Cuma,14:00-15:50,Telafi,C,,Telafi,,,,,,,,
23 Ekim 2025 Perşembe,10:30-12:20,,Telafi,,,,,,,,,,
,,,,,,,,,,,,,
,,,,,,,,,,,,,
YAŞAMIN MOLEKÜLER TEMELLERİ DİLİMİ,,,,,,,Dikey Koridor,,,,,,
Uygulama Tarihi,Saat,Tıbbi Biyoloji,Temel Biyofizik,Tıbbi Biyokimya,Fizyoloji,PDÖ,"Öğrenme
(Prof.Dr. Zeynep SOLAKOĞLU)","Nabız, Kb
(Prof.Dr. Ayşe PALANDUZ)","İletişim
(Doç.Dr. Nilüfer ALÇALAR)","Şimdi Burada
(Dr.Öğr.Üyesi Hacer NALBANT)","Beslenme
(Dr.Öğr.Üyesi Beyza ELİUZ TİPİCİ)","Dikiş Düğüm
(Prof.Dr. Zeynep SOLAKOĞLU)","Kırık-Çıkıklarda
İlkyardım"
23 Ekim 2025 Perşembe,10:30-12:20,,A,B,,,,C1,C2,,D,,
24 Ekim 2025 Cuma,10:30-12:20,,B,C,,,,,A2,,G,,
27 Ekim 2025 Pazartesi,08:30-10:20,,C,D,,,,A1,,,,,"H-A-B-i3-i2
KEMAL ATAY AMFİSİ"
27 Ekim 2025 Pazartesi,10:30-12:20,,D,E,,,,A2,,B,F,,
28 Ekim 2025 Salı,08:30-10:20,,E,F,,,,B1,,,,,
28 Ekim 2025 Salı,10:30-12:20,,F,G,,,,B2,,A,H,,
30 Ekim 2025 Perşembe,10:30-12:20,,G,H,,,,C2,C1,,A,,
30 Ekim 2025 Perşembe,13:30-15:20,,H,A,,,B,D1,,,,,
31 Ekim 2025 Cuma,10:30-12:20,,B,C,,,,,E2,H,,,
3 Kasım 2025 Pazartesi,08:30-10:20,,A,B,,,,D2,D1,,E,,
4 Kasım 2025 Salı,10:30-12:20,,D,E,,,A,F1,F2,,,,
4 Kasım 2025 Salı,13:30-15:20,,C,D,,,,,,,,,
6 Kasım 2025 Perşembe,10:30-12:20,,E,F,,,D,H1,H2,G,C,,
7 Kasım 2025 Cuma,10:30-12:20,,F,G,,,C,,H1,,B,,
7 Kasım 2025 Cuma,14:00-15:50,,G,H,,AB,E,,,,,,
10 Kasım 2025 Pazartesi,08:30-10:20,,H,A,,,,F2,,,,,
10 Kasım 2025 Pazartesi,10:30-12:20,,A,B,G,,F,E2,,,,,
11 Kasım 2025 Salı,10:30-12:20,,B,C,D,,H,G2,G1,E,,,
12 Kasım 2025 Çarşamba,08:30-10:20,,C,D,,AB,,H2,,,,,
12 Kasım 2025 Çarşamba,10:30-12:20,,D,E,F,,,G1,G2,C,,,
13 Kasım 2025 Perşembe,10:30-12:20,,E,F,B,CD,G,A2,A1,,,,
13 Kasım 2025 Perşembe,13:30-15:20,,F,G,,,,A1,,,,,
14 Kasım 2025 Cuma,10:30-12:20,,G,H,A,,,,F1,D,,,
18 Kasım 2025 Salı,10:30-12:30,G,H,A,C,EF,,B2,,,,,
18 Kasım 2025 Salı,13:30-15:20,B,,A,,CD,,,,,,,
19 Kasım 2025 Çarşamba,08:30-10:20,C,,B,,GH,,D1,,,,,
19 Kasım 2025 Çarşamba,10:30-12:20,D,,H,E,,,C1,,F,,,
20 Kasım 2025 Perşembe,08:30-10:20,A,,D,,,,C2,E1,,,,
20 Kasım 2025 Perşembe,13:30-15:20,F,,E,H,,,D2,,,,B,
21 Kasım 2025 Cuma,08:30-10:20,E,,F,,GH,,,,,Telafi,,
21 Kasım 2025 Cuma,10:30-12:20,H,,G,,EF,,,D2,,,,
24 Kasım 2025 Pazartesi,08:30-10:20,,,C,,,,B1,,,,F,
Uygulama Sayısı,,1,3,4,1,1,,,,,,,
,,,,,,,,,,,,,
UYGULAMA KONU BAŞLIKLARI,,,,,,,,,,,,,
TIBBİ BİYOKİMYA AD.,,,,,,,,,,,,,
1.	Konsantrasyon Kavramları ve Çözeltiler,,,,,,,,,,,,,
2.	pH-Tamponlar,,,,,,,,,,,,,
3.	Spektrofotometri,,,,,,,,,,,,,
4.	Enzimler,,,,,,,,,,,,,
,,,,,,,,,,,,,
TIBBİ BİYOLOJİ AD.,,,,,,,,,,,,,
1. Plazmoliz-deplazmoliz ,,,,,,,,,,,,,
,,,,,,,,,,,,,
BİYOFİZİK AD.,,,,,,,,,,,,,
1.Elektromanyetik Dalgalar ile Molekülerin Analizi,,,,,,,,,,,,,
2.Kromatografik yöntemler,,,,,,,,,,,,,
"3.Sedimantasyon yöntemleri ( Hücre organellerinin eldesi,kanın alt yapılarının eldesi )",,,,,,,,,,,,,
4. Enzimatik test sistemleri ,,,,,,,,,,,,,
5. Radyo bağışıklık testi (RIA),,,,,,,,,,,,,
,,,,,,,,,,,,,
FİZYOLOJİ AD.,,,,,,,,,,,,,
"1-Hücre Fizyolojisi-1 Eritrositlerin osmotik direncinin ölçülmesi, kantitatif fraj ilite testi Serumun tampon gücünün test edilmesi Eritrosit membranının permablitesi ve hemoliz",,,,,,,,,,,,,
,,,,,,,,,,,,,
"NOT: Dikey Koridor Beceri Uygulaması (Nabız, Kan Basıncı, Ateş, Ağırlık, Boy Ölçümü): Bu uygulamalardan önce ayrı bir bilgilendirme yapılmayacaktır.",,,,,,,,,,,,,
,,,,,,,,,,,,,
HÜCRE DİLİMİ,,,,,,Dikey Koridor,,İLETİŞİM,,,,,
Uygulama Tarihi,Saat,Tıbbi Biyoloji,Temel Biyofizik ,Tıbbi Biyokimya,Mikrobiyoloji,"Nabız, Kb
(Prof. Dr. Ayşe PALANDUZ)","Dikiş Düğüm
(Prof.Dr. Zeynep SOLAKOĞLU)",,,,,,
25 Kasım 2025 Salı,10:30-12:20,A,,,,E1,G,,,,,,
27 Kasım 2025 Perşembe,10:30-12:20,B,,,,E2,,,,,,,
27 Kasım 2025 Perşembe,13:30-15:20,C,,,,G2,,,,,,,
28 Kasım 2025 Cuma,10:30-12:20,D,,,,,,,,,,,
1 Aralık 2025 Pazartesi,08:30-10:20,E,,,,A1,,,,,,,
1 Aralık 2025 Pazartesi,10:30-12:20,F,,,AB,G1,D,,,,,,
2 Aralık 2025 Salı,10:30-12:20,G,,,CD,F2,E,,,,,,
3 Aralık 2025 Çarşamba,08:30-10:20,H,,,EF,,A,,,,,,
4 Aralık 2025 Perşembe,10:30-12:20,A,,,GH,E1,,,,,,,
4 Aralık 2025 Perşembe,13.30-15:20,B,,,,H1,C,,,,,,
8 Aralık 2025 Pazartesi,10:30-12:20,C,,,GH,F1,,,,,,,
9 Aralık 2025 Salı,10:30-12:20,D,,,EF,,H,,,,,,
9 Aralık 2025 Salı,13:30-15:20,E,,,,,,,,,,,
10 Aralık 2025 Çarşamba,10:30-12:20,F,,,AB,H2,C,,,,,,
11 Aralık 2025 Perşembe,10:30-12:20,G,,,CD,,A,,,,,,
12 Aralık 2025 Cuma,10:30-12:20,H,,,EF,,,,,,,,
12 Aralık 2025 Cuma,14:00-15:50,A,,,,,,,,,,,
15 Aralık 2025 Pazartesi,15:10-16:30,,,,,,,,,,,,
16 Aralık 2025 Salı,10:30-12:20,B,,,CD,,,,,,,,
16 Aralık 2025 Salı,13:30-15:20,C,A,,,,,,,,,,
16 Aralık 2025 Salı,15.30-17.20,,,,,,,,Öğrenme Uyg. Telafisi,,,,
17 Aralık 2025 Çarşamba,10:30-12:20,D,B,,GH,,,,,,,,
18 Aralık 2025 Perşembe,08:30-10:20,E,C,,AB,,,,,,,,
18 Aralık 2025 Perşembe,10:30-12:20,F,E,,GH,,,,,,,,
18 Aralık 2025 Perşembe,13.30-15.20,,,,,,,,PDÖ Telafi,,,,
19 Aralık 2025 Cuma,10:30-12:20,G,D,,AB,,,,,,,,
19 Aralık 2025 Cuma,14:00-15:50,H,G,,CD,,,,,,,,
22 Aralık 2025 Pazartesi,08:30-10:20,A,F,,,,B,,,,,,
22 Aralık 2025 Pazartesi,10:30-12:20,B,H,,EF,,D,,,,,,
22 Aralık 2025 Pazartesi,13.30-15.20,,,,,,,,PDÖ Telafi,,,,
23 Aralık 2025 Salı,10:30-12:20,C,,,GH,,E,B1,,,,,
23 Aralık 2025 Salı,13:30-15:20,D,,,,,F,,,,,,
24 Aralık 2025 Çarşamba,08:30-10:20,E,,,AB,,G,,,,,,
24 Aralık 2025 Çarşamba,10:30-12:20,F,,,CD,,,B2,,,,,
25 Aralık 2025 Perşembe,08:30-10:20,G,F,E,AB,,H,,,,,,
26 Aralık 2025 Cuma,10:30-12:20,H,A,B,CD,,,,,,,,
26 Aralık 2025 Cuma,14:00-15:50,A,G,C,EF,,,,,,,,
29 Aralık 2025 Pazartesi,08:30-10:20,B,C,D,EF,,,,,,,,
29 Aralık 2025 Pazartesi,13:30-15:20,C,B,A,GH,,,,,,,,
30 Aralık 2025 Salı,10:30-12:20,D,E,F,GH,,,,,,,,
30 Aralık 2025 Salı,13:30-15:20,E,D,H,AB,,,,,,,,
5 Ocak 2026 Pazartesi,08:30-10:20,G,,,,,,,,,,,
5 Ocak 2026 Pazartesi,15.10-17.00,F,H,G,CD,,,,,,,,
6 Ocak 2026 Salı,08.30-10.20,,,,,,,,Öğrenme-TELAFİ,,,,
6 Ocak 2026 Salı,10:30-12:20,H,,,EF,,,,,,,,
7 Ocak 2026 Çarşamba,13:30-15:20,,,TELAFİ,,,,TELAFİ,,,,,
9 Ocak 2026 Cuma,10.00-12.00,TELAFİ,,,,,,,,,,,
Uygulama Sayısı,,5,2,1,7,,,,,,,,
,,,,,,,,,,,,,
UYGULAMA KONU BAŞLIKLARI,,,,,,,,,,,,,
TIBBİ BİYOKİMYA AD.,,,,,,,,,,,,,
1. Elektron transportu,,,,,,,,,,,,,
,,,,,,,,,,,,,
TIBBİ BİYOLOJİ AD.,,,,,,,,,,,,,
1. Kan Hücreleri,,,,,,,,,,,,,
2. DNA izolasyonu,,,,,,,,,,,,,
3. Tanı Yöntemleri,,,,,,,,,,,,,
4. Mitoz-Mayoz Bölünme,,,,,,,,,,,,,
5. Kan grupları,,,,,,,,,,,,,
,,,,,,,,,,,,,
BİYOFİZİK AD.,,,,,,,,,,,,,
1.Hücre organelleri  ve alt yapılarının diferansiyel santrifüjü Sedimentasyon yöntemi ve Kanın alt yapılarının eldesi,,,,,,,,,,,,,
2.RIA (Radyo Bağışıklık Testi),,,,,,,,,,,,,
,,,,,,,,,,,,,
TIBBİ MİKROBİYOLOJİ AD.,,,,,,,,,,,,,
1.Mikrobiyoloji laboratuvarında tanı ve çalışma kuralları Mikroorganizmaların morfolojik incelenmesi Işık mikroskobu Lam-lamel arası preparasyon inceleme Basit boyama,,,,,,,,,,,,,
"2.Gram yöntemi ile boyanma Besiyerleri Besiyerlerine ekim yöntemleri Sterilizatörlerin çalışma prensipleri, demonstrasyonu ve sterilizatör kontrolü",,,,,,,,,,,,,
3.Bakteri kapsülünün incelenmesi Bakteri kirpiğinin ve hareketinin incelenmesi Bakteri sporlarının incelenmesi Dezenfeksiyon ve antisepsi uygulamaları,,,,,,,,,,,,,
4.Parazitlerin morfolojik incelenmesi,,,,,,,,,,,,,
"5.Virus izolasyon yöntemleri, virusların tanısında moleküler yöntemler.",,,,,,,,,,,,,
6.Serolojik testlerde prensipler.,,,,,,,,,,,,,
7.Mantarların morfolojik incelenmesi ,,,,,,,,,,,,,
,,,,,,,,,,,,,
,,,,,,,,,,,,,
"NOT: Dikey Koridor Beceri Uygulaması (Nabız, Kan Basıncı, Ateş, Ağırlık, Boy Ölçümü): Bu uygulamalardan önce ayrı bir bilgilendirme yapılmayacaktır.",,,,,,,,,,,,,
,,,,,,,,,,,,,
DOKU DİLİMİ,,,,,,,Dikey Koridor ,,,,,,
Uygulama Tarihi,Saati,Tıbbi Biyoloji,Biyofizik,Fizyoloji,Genel Histoloji Ve Embriyoloji,PDÖ,"Enjeksiyon
(Prof.Dr. Zeynep 
SOLAKOĞLU)","Münazara
(Prof.Dr. Zeynep 
SOLAKOĞLU)","Dikiş Düğüm
(Prof.Dr. Zeynep SOLAKOĞLU)",,,,
20 Şubat 2026 Cuma,13.20-15.20,,,,,,,"A,C,D,E",,,,,
24 Şubat 2026 Salı,10:30-12:20,A,,,,,,"B,F,G,H",,,,,
27 Şubat 2026 Cuma,10:30-12:20,B,A,,,,,,,,,,
2 Mart 2026 Pazartesi,08:30-10:20,C,B,,,,,,,,,,
2 Mart 2026 Pazartesi,10:30-12:20,D,C,,B,,,,,,,,
3 Mart 2026 Salı,10:30-12:20,E,D,,C,,,,,,,,
5 Mart 2026 Perşembe,10:30-12:20,F,E,,D,,,,,,,,
5 Mart 2026 Perşembe,13:30-15:20,G,F,,E,,,,,,,,
6 Mart 2026 Cuma,10:30-12:20,H,G,,F,,,,,,,,
10 Mart 2026 Salı,08:30-10:20,A,H,,,,,,,,,,
10 Mart 2026 Salı,13:30-15:20,B,A,,G,,,,,,,,
11 Mart 2026 Çarşamba,10:30-12:20,C,B,,,,,,,,,,
12 Mart 2026 Perşembe,10:30-12:20,D,C,,,,,,,,,,
13 Mart 2026 Cuma,10:30-12:20,E,D,,A,,,,,,,,
16 Mart 2026 Pazartesi,10:30-12:20,F,E,,H,,A,,,,,,
17 Mart 2026 Salı,10:30-12:20,G,F,,,,C,,,,,,
18 Mart 2026 Çarşamba,10:30-12:20,H,G,,,,,,,,,,
23 Mart 2026 Pazartesi,10:30-12:20,A,H,,,,D,,,,,,
25 Mart 2026 Çarşamba,10:30-12:20,B,A,,,,,,,,,,
26 Mart 2026 Perşembe,10:30-12:20,C,B,,,,E,,,,,,
27 Mart 2026 Cuma,10:30-12:20,D,C,,H,,F,,,,,,
30 Mart 2026 Pazartesi,10:30-12:20,E,D,,B,,G,,,,,,
31 Mart 2026 Salı,10:30-12:20,F,E,,G,,H,,,,,,
1 Nisan 2026 Çarşamba,10:30-12:20,G,F,,D,,,,,,,,
2 Nisan 2026 Perşembe,10:30-12:20,H,G,,E,,,, SINAV TELAFİ,,,,
3 Nisan 2026 Cuma,10:30-12:20,G,H,,F,,,,,,,,
6 Nisan 2026 Pazartesi,10:30-12:20,H,A,,C,,,,,,,,
7 Nisan 2026 Salı,10:30-12:20,C,B,,A,,,,,,,,
8 Nisan 2026 Çarşamba,10:30-12:20,D,C,,E,,,,,,,,
9 Nisan 2026 Perşembe,10:30-12:20,E,D,,C,,,,,,,,
10 Nisan 2026 Cuma,10:30-12:20,F,E,,D,,C,,,,,,
20 Nisan 2026 Pazartesi,08:30-10:20,,,,,D3,,,,,,,
20 Nisan 2026 Pazartesi,10:30-12:20,,H,,F,CD,,, SINAV TELAFİ,,,,
21 Nisan 2026 Salı,09.30-11-20,,,,,,B,,,,,,
22 Nisan 2026 Çarşamba,08:30-10:20,,,,,D3,,,,,,,
22 Nisan 2026 Çarşamba,10:30-12:20,,A,,G,CD,E,,,,,,
24 Nisan 2026 Cuma,10:30-12:20,,B,,H,EF,G,,,,,,
27 Nisan 2026 Pazartesi,10:30-12:20,A,C,,B,EF,H,,,,,,
27 Nisan 2026 Pazartesi,13:00-15:00,,,,,F4,,,,,,,
28 Nisan 2026 Salı,10:30-12:20,B,D,,A,GH,F,,,,,,
28 Nisan 2026 Salı,13:30-15:20,,,,,H3,,,,,,,
29 Nisan 2026 Çarşamba,10:30-12:20,,E,,,GH,,, SINAV TELAFİ,,,,
30 Nisan Perşembe,08:30-10:20,,F,,,,B,,,,,,
30 Nisan Perşembe,10:30-12:20,,G,,,,,,,,,,
30 Nisan Perşembe,13:00-15:00,,,,,F4,,,,,,,
30 Nisan Perşembe,13:30-15:20,,,,,H3,,,,,,,
30 Nisan Perşembe,14.30-16.00,,,,,,A,,,,,,
4 Mayıs 2026 Pazartesi,10:30-12:20,,F,,,AB,,,,,,,
4 Mayıs 2026 Pazartesi,13:30-15:20,,,,,"A1,A2",,,,,,,
4 Mayıs 2026 Pazartesi,14.30-16.20,,,,,G4,,,,,,,
5 Mayıs 2026 Salı,10:30-12:20,,G,,,AB,,,,,,,
11 Mayıs Pazartesi,09.20-12.30,,,,,,TELAFİ,,,,,,
11 Mayıs Pazartesi,16.20-17.30,,,,,,,, SINAV TELAFİ,,,,
13 Mayıs 2026 Çarşamba,08:30-10:20,,H,,,,D,,,,,,
13 Mayıs 2026 Çarşamba,16:00-17:30,,,,,,TELAFİ,,,,,,
15 Mayıs 2026 Cuma,09:00-10:50,,,Tüm Gruplar (Amfide yapılacak),,,,,,,,,
18 Mayıs 2026 Pazartesi,13:30-15:20,,TELAFİ,,,TELAFİ-a2,,,,,,,
18 Mayıs 2026 Pazartesi,15:00-16:50,,,,,TELAFİ-a1,,,,,,,
20 Mayıs 2026 Çarşamba,13:30-15:20,,,,,TELAFİ,,,,,,,
2 Haziran 2026 Salı,10:00-12:30,,,,,,TELAFİ,,,,,,
3 Haziran 2026 Çarşamba,13:30-15:20,TELAFİ,,,,,,,,,,,
3 Haziran 2026 Çarşamba,15:30-17:00,,,,,,TELAFİ,,,,,,
9 Haziran 2026 Salı,15:45-17:30,,,,,,TELAFİ,,TELAFİ,,,,
Uygulama Sayısı,,4,5,1,3,1,,,,,,,
,,,,,,,,,,,,,
NOT: Dikey Koridor Dilimi Münazara uygulaması Prof.Dr. Yavuz BOZFAKIOĞLU (Hulusi Behçet Kütüphanesi Giriş Kat) Simüle Eğitim Merkezinde yapılacaktır. ,,,,,,,,,,,,,
,,,,,,,,,,,,,
UYGULAMA KONU BAŞLIKLARI,,,,,,,,,,,,,
FİZYOLOJİ AD.,,,,,,,,,,,,,
1-Hücre Fizyolojisi-Membran potansiyeli ve aksiyon potansiyellerinin bilgisayar ortamında simülasyonu,,,,,,,,,,,,,
,,,,,,,,,,,,,
TIBBİ BİYOLOJİ AD.,,,,,,,,,,,,,
1. Tanı yöntemleri değerlendirilmesi,,,,,,,,,,,,,
2. Karyotip,,,,,,,,,,,,,
3. Aile ağacı,,,,,,,,,,,,,
4. Olgu tartışması ,,,,,,,,,,,,,
,,,,,,,,,,,,,
BİYOFİZİK AD.,,,,,,,,,,,,,
1.Poliakrilamid jel elektroforezi ile molekül ağırlığının tayini,,,,,,,,,,,,,
2.DNA İzolasyonu,,,,,,,,,,,,,
3.DNA Elektroforezi,,,,,,,,,,,,,
4.PCR (Polimeraz Zincir Reaksiyonu),,,,,,,,,,,,,
5.Biyoelektrik potansiyeller,,,,,,,,,,,,,
,,,,,,,,,,,,,
HİSTOLOJİ AD.,,,,,,,,,,,,,
"1.) EPİTEL VE BAĞ DOKU
Tek katlı prizmatik fırçamsı kenarlı epitel (ince barsak) - PAS&Haemalun
Tek katlı yassı ve çok katlı yassı keratinleşmemiş epitel (cornea) -H&E
Çok katlı yassı keratinleşmiş epitel (kıllı deri) -H&E
Yalancı çok katlı prizmatik titrek tüylü epitel (trakea) –H&E
Çok katlı değişken epitel (idrar kesesi) -H&E
Embriyonik bağ doku (göbek kordonu) –Masson trikrom
Gevşek bağ doku (deri altı) –Safranalin&Hematoksilen
Örgümsü bağ dokusu (deri) -Safranelin &Mallory
Tıkız bağ dokusu (tendon) -H&E",,,,,,,,,,,,,
"2.KAS VE SİNİR DOKUSU
Düz kas (ince bağırsak duvarı) -H&E
İskelet kası (dil) –Heidenhain’ın demirli hematoksileni
Kalp kası -Heidenhain’ın demirli hematoksileni
Piramidal nöronlar (serebrum) –Cajal
Purkinje hücreleri (serebellum) –Cajal
Motor nöron (medulla spinalis) –Krezil viyole
Pseudounipolar nöron (spinal gangliyon) –H&E
Glia hücreleri (serebrum) –Golgi
Koroid pleksus (serebrum) –H&E
Sinir lifi –Osmik asit",,,,,,,,,,,,,
"3.GENEL EMBRİYOLOJİ
Oosit, Ovaryum -Azan
Spermatozoon -Papa nicolau
Embriyo gelişimi-implantasyon -H&E
Gastrulasyon ve nörulasyon -H&E
Plasenta -H&E
Kan Doku –May Grunwald Giemsa                                                          ",,,,,,,,,,,,,
,,,,,,,,,,,,,
,,,,,,,,,,,,,
NOT: Dikey Koridor Dilimi Enjeksiyon ve Dikiş Düğüm uygulamaları Prof.Dr. Yavuz BOZFAKIOĞLU (Hulusi Behçet Kütüphanesi Giriş Kat) Simüle Eğitim Merkezinde yüzyüze eğitim ile yapılacaktır. Uygulamaların sınavları öğrencilerin beceriyi uyguladıkları videoları Tıp Eğitimi AD tarafından açıklanacak linke yüklemeleri ve bu videoların değerlendirilmesi ile yapılacaktır. Dikiş düğüm uygulamasına gelen öğrencilerin yanlarında portegü ve penset getirmeleri gereklidir (Beceri çantası içinde bulunmaktadır).,,,,,,,,,,,,,
,,,,,,,,,,,,,
HAYATIN EVRELERİ DİLİMİ,,,,,,,,,,,,,
4 Mayıs 2026 Pazartesi,08:30-10:20,,,,,,,,,,,,
6 Mayıs 2026 Çarşamba,08:30-10:20,,,,,,,,,,,,
12 Mayıs 2026 Salı,08:30-10:20,,,,,,,,,,,,
,,,,,,,,,,,,,
"Hayatın Evreleri diliminin giriş dersinde tüm birinci sınıf öğrencileri dilimin derslerini veren tüm öğretim üyelerine gruplar halinde dağıtılacak. Her öğrenci, öğretim üyesinin yönlendirmesi doğrultusunda, güncel basında yer alan ve hayatın evreleriyle ilgili, kendinde merak uyandıran herhangi bir konuyu, bilimsel veriler çerçevesinde değerlendirerek o konu hakkında ayrıntılı bir sunu hazırlayacak. Sunumlar ilgili öğretim üyelerine iletilecek. Her öğretim üyesi kendi grubunu değerlendirerek bir ya da birkaç sunuyu seçecek. Seçilen sunular, uygulama derslerinde gruplara yönelik olarak, hazırlayan öğrenciler tarafından sunulacak.",,,,,,,,,,,,,
,,,,,,,,,,,,,
HAREKET DİLİMİ,,,,,,,,,,,,,
Uygulama Tarihi,Saati,Genel Histoloji ve Embriyoloji,Fizyoloji,Anatomi,,,,,,,,,
21 Mayıs 2026 Perşembe,10:30-12:20,,Tüm Gruplar (Amfide yapılacak),Uygulama Tarihi,,Saati,,,,,,,
,,,,2 Mart 2026 Pazartesi,,13.30-16.20,,,,,,,
,,,,6 Mart 2026 Cuma,,14.00-16.50,,,,,,,
,,,,9 Mart 2026 Pazartesi,,13.30-16.20,,,,,,,
2 Haziran 2026 Salı,10:30-12:20,D,,13 Mart 2026 Cuma,,14.00-16.50,,,,,,,
3 Haziran 2026 Çarşamba,10:30-12:20,E,,16 Mart 2026 Pazartesi,,13.30-16.20,,,,,,,
3 Haziran 2026 Çarşamba,13:30-15:20,A,,,,,,,,,,,
4 Haziran 2026 Perşembe,10:30-12:20,F,,23 Mart 2026 Pazartesi,,13.30-16.20,,,,,,,
5 Haziran 2026 Cuma,10:30-12:20,G,,27 Mart 2026 Cuma,,14.00-16.50,,,,,,,
8 Haziran 2026 Pazartesi,10:30-12:20,H,,30 Mart 2026 Pazartesi,,13.30-16.20,,,,,,,
8 Haziran 2026 Pazartesi,13:30-15:20,B,,3 Nisan 2026 Cuma,,14.00-16.50,,,,,,,
10 Haziran 2026 Çarşamba,10:30-12:20,C,,6 Nisan 2026 Pazartesi,,13.30-16.20,,,,,,,
,,,,10 Nisan 2026 Cuma,,14.00-16.50,,,,,,,
,,,,24 Nisan 2026 Cuma,,14.00-16.50,,,,,,,
,,,,5 Mayıs 2026 Salı,,13.30-16.20,,,,,,,
,,,,7 Mayıs 2026 Perşembe,,13.30-16.20,,,,,,,
,,,,12 Mayıs 2026 Salı,,13.30-16.20,,,,,,,
,,,,14 Mayıs 2026 Perşembe,,13.30-16.20,,,,,,,
,,,,21 Mayıs 2026 Perşembe,,13.30-16.20,,,,,,,
,,,,22 Mayıs 2026 Cuma,,14.00-16.50,,,,,,,
,,,,1 Haziran 2026 Pazartesi,,13.30-16.20,,,,,,,
,,,,2 Haziran 2026 Salı,,13.30-16.20,,,,,,,
,,,,4 Haziran 2026 Perşembe,,13.30-16.20,,,,,,,
Uygulama Sayısı,,1,1,21,,,,,,,,,
,,,,,,,,,,,,,
UYGULAMA KONU BAŞLIKLARI,,,,,,,,,,,,,
ANATOMİ AD.,,,,,,,,,,,,,
"Hareket dilimi içinde yer alan Anatomi dersleri, TBG III dilimi içinde başlayarak devam edecektir. Değerlendirmesi Hareket Diliminin içinde olacaktır.",,,,,,,,,,,,,
1.Kemiklerin Yapısı ,,,,,,,,,,,,,
"2.Os coxae, femur, patell",,,,,,,,,,,,,
"3.Tibia, fibula, ossa ped",,,,,,,,,,,,,
"4.Clavicula, scapula, humeru",,,,,,,,,,,,,
"5.Radius, ulna, ossa manus",,,,,,,,,,,,,
6.Omurlar,,,,,,,,,,,,,
"7.Sternum, costa",,,,,,,,,,,,,
"8.Os sacrum, pelv",,,,,,,,,,,,,
"9.Os frontale, os parietale, os occipitale",,,,,,,,,,,,,
"10.Os temporale, os zygomaticum, maxill",,,,,,,,,,,,,
"11.Mandibula, os ethmoidale, os sphenoidale",,,,,,,,,,,,,
"12.Os palatinum, os lacrimale, os nasale, concha nasalis inferior, vomer",,,,,,,,,,,,,
13.Norma occipitalis-basillari,,,,,,,,,,,,,
14.Norma lateralis,,,,,,,,,,,,,
15.Boyun kasla,,,,,,,,,,,,,
16.Sırt kasları,,,,,,,,,,,,,
17.Karın Kasları,,,,,,,,,,,,,
18.Üst ekstremite kasları 1,,,,,,,,,,,,,
19.Üst ekstremite kasları 2,,,,,,,,,,,,,
20.Alt ekstremite kasları 1,,,,,,,,,,,,,
21.Alt ekstremite kasları 2,,,,,,,,,,,,,
,,,,,,,,,,,,,
HİSTOLOJİ VE EMBRİYOLOJİ AD.,,,,,,,,,,,,,
"Hiyalin kıkırdak (trakea) –H&E
Elastik kıkırdak (kulak kepçesi) -Safranalin
Fibröz kıkırdak (İntervertebral disk) –H&E
Kompakt kemik –Thionin pikrik asit
Desmal (intramembranöz) kemikleşme –H&E
Kondral (Endokondral) kemikleşme –H&E",,,,,,,,,,,,,
,,,,,,,,,,,,,
FİZYOLOJİ AD.,,,,,,,,,,,,,
"Kurbağada iskelet kasın fizyolojik özelliklerinin gösterilmesi
1-Kasın direkt-indirekt uyarılması (Claud Bernard deneyi)
2-İskelet kasında eşik değer ve hep-hiç yasası ilkesinin gösterilmesi
3-İskelet kasında yorgunluk belirtilerinin araştırılması
4-İskelet kasında sumasyon, tam ve tam olmayan tetanusun gösterilmesi",,,,,,,,,,,,,