,,,,,,,,,,,,,,
Uygulama Salon Bilgileri :,,,,,,,,,,,,,,
Yaralı Taşıma Teknikleri : Prof.Dr. Yavuz BOZFAKIOĞLU (Hulusi Behçet Kütüphanesi Giriş Kat),,,,,,,,,,,,,,
Temel Yaşam Desteği : Prof.Dr. Yavuz BOZFAKIOĞLU (Hulusi Behçet Kütüphanesi Giriş Kat),,,,,,,,,,,,,,
Kırık-Çıkıklarda İlkyardım : Ortopedi Ve Travmatoloji Anabilim Dalı - Ortopedi Dershanesi,,,,,,,,,,,,,,
Mikroskop Kullanma Beceri Uygulaması - Değerlendirme : Mikrobiyoloji AD Uygulama Salonu Temel Bilimler 1.kat (8 Ekim 13.30 - 10 Ekim 13.30 Histoloji AD. Uygulama Salonu Temel Bilimler -2. katta yapılacaktır.),,,,,,,,,,,,,,
Tıbbi Biyoloji : Temel Bilimler Binası Tıbbi Biyoloji Pratik Salonu Kat:2,,,,,,,,,,,,,,
Histoloji : Temel Bilimler -2. kat,,,,,,,,,,,,,,
Biyokimya  : Temel Bilimler 3. kat ,,,,,,,,,,,,,,
Mikrobiyoloji : Temel Bilimler 1. kat ,,,,,,,,,,,,,,
Fizyoloji : Temel Bilimler -1. kat,,,,,,,,,,,,,,
Biyofizik : Temel Bilimler -1. kat,,,,,,,,,,,,,,
Anatomi : Anabilim dalı girişi uygulama salonu,,,,,,,,,,,,,,
,,,,,,,,,,,,,,
Beceri Laboratuarı Uygulama Yerleri,,,,,,,,,,,,,,
Uygulama adı,,Uygulama Yeri,,Telefon,,,,,,,,,,
1) Öğrenme,,Amfi Programına bakınız.,,32336,,,,,,,,,,
2) Beslenme ,,Amfi Programına bakınız.,,32336,,,,,,,,,,
3) İletişim,,Prof.Dr. Yavuz BOZFAKIOĞLU (Hulusi Behçet Kütüphanesi Giriş Kat Salon 1),,32336,,,,,,,,,,
"4) Nabız, Kan Basıncı ",,Prof.Dr. Yavuz BOZFAKIOĞLU (Hulusi Behçet Kütüphanesi Giriş Kat),,32336,,,,,,,,,,
5) Dikiş Düğüm ,,Prof.Dr. Yavuz BOZFAKIOĞLU (Hulusi Behçet Kütüphanesi Giriş Kat),,32336,,,,,,,,,,
6) Bilimsel Düşünme 1 ,,Amfi Programına bakınız.,,32336,,,,,,,,,,
7) Enjeksiyon,,Prof.Dr. Yavuz BOZFAKIOĞLU (Hulusi Behçet Kütüphanesi Giriş Kat),,32336,,,,,,,,,,
8) Şimdi ve Burada ,,Amfi Programına bakınız.,,32336,,,,,,,,,,
,,,,,,,,,,,,,,
INTRODUCTION TO MEDICINE ,,,,,,,,,,,,,,
Uygulama tarihi,Saat,"Temel Yaşam Desteği
 Dr. Öğr. Üyesi Hacer Ayşen YAVRU","Yaralı Taşıma
Prof. Dr. Zeynep SOLAKOĞLU","Kırık-Çıkıklarda
İlkyardım",Mikroskop Kullanma Beceri Uygulaması - Değerlendirme,,,,,,,,,
14 Ekim 2025 Salı,08:30-10:20,İ1,,,,,,,,,,,,
14 Ekim 2025 Salı,13:30-15:20,İ3,,,,,,,,,,,,
15 Ekim 2025 Çarşamba,10:30-12:20,,,,,,,,,,,,,
16 Ekim 2025 Perşembe,08:30-10:20,İ2,,İ1,,,,,,,,,,
17 Ekim 2025 Cuma,08:30-10:20,,,,İ2,,,,,,,,,
17 Ekim 2025 Cuma,14:00-15:50,telafi,telafi,,İ1,,,,,,,,,
24 Ekim 2025 Cuma,14:00-15:50,,İ1,,İ3,,,,,,,,,
10 Kasım 2025 Pazartesi,13:30-15:20,,İ2,,,,,,,,,,,
,,,,,,,,,,,,,,
MOLECULAR BASIS OF LIFE ,,,,,,,Dikey Koridor,,,,,,,
Uygulama Tarihi,Saat,Tıbbi Biyoloji,Temel Biyofizik,Tıbbi Biyokimya,Fizyoloji,PDÖ,"Öğrenme
(Prof.Dr. Zeynep SOLAKOĞLU)","Nabız, Kb
(Doç.Dr. Ayşe PALANDUZ)","İletişim
(Doç.Dr. Nilüfer ALÇALAR)","Şimdi Burada
(Dr.Öğr.Üyesi Hacer NALBANT)","Beslenme
(Dr.Öğr.Üyesi Beyza ELİUZ TİPİCİ)","Dikiş Düğüm
(Prof.Dr. Zeynep SOLAKOĞLU)","Kırık-Çıkıklarda
İlkyardım",  
22 Ekim 2025 Perşembe,10:30-12:20,,,İ1,,,,,,,,,,
23 Ekim 2025 Perşembe,13:30-15:20,,İ2,İ1,,,,,,,,,,
24 Ekim 2025 Cuma,14:00-15:20,,,,,,,,,,,,,
27 Ekim 2025 Pazartesi,08:30-10:20,,,,,,,,,,,,"H-A-B-i3-i2
KEMAL ATAY AMFİSİ",
31 Ekim 2025 Cuma,08:30-10:20,,İ1,İ2,,,,,,,,,,
4 Kasım 2025 Salı,08:30-10:20,,,İ2,,,,,,,,,,
7 Kasım 2025 Cuma,08:30-10:20,,,,,İ1,,,,,,,,
10 Kasım 2025Pazartesi,13:30-15:20,,,,,İ1,,,,,,,,
11 Kasım 2025 Salı,08:30-10:20,,,,,İ2,,,,,,,,
11 Kasım 2025 Salı,13:30-15:20,,,İ2,İ1,,,,,,,,,
14 Kasım 2025 Cuma,08:30-10:20,,,,,İ2,,,,,,,,
14 Kasım 2025 Cuma,14:00-16:00,,,,,,,,i2-1,,,,,
17 Kasım 2025 Pazartesi,08:30-10:20,,i2,İ1,,,,,,,,,,
17 Kasım 2025 Pazartesi,10:30-12:20,,i1,İ2,,,,,,,,,,
17 Kasım 2025 Pazartesi,13:30-15:20,,,İ1,,,,,,İ2,,,,
24 Kasım 2025 Pazartesi,10:30-12:20,İ2,i1,,,,,,,,,,,
24 Kasım 2025 Pazartesi,13:30-15:20,İ1,,,İ2,,,,,,,,,
25 Kasım 2025 Salı,08:30-10:20,,İ2,,,,,,,İ1,,,,
,,,,,,,,,,,,,,
Uygulama Sayısı,,1,3,4,1,1,,,,,,,,
,,,,,,,,,,,,,,
UYGULAMA KONU BAŞLIKLARI,,,,,,,,,,,,,,
TIBBİ BİYOKİMYA AD.,,,,,,,,,,,,,,
1.	Konsantrasyon Kavramları ve Çözeltiler,,,,,,,,,,,,,,
2.	pH-Tamponlar,,,,,,,,,,,,,,
3.	Spektrofotometri,,,,,,,,,,,,,,
4.	Enzimler,,,,,,,,,,,,,,
,,,,,,,,,,,,,,
TIBBİ BİYOLOJİ AD.,,,,,,,,,,,,,,
1. Plazmoliz-deplazmoliz ,,,,,,,,,,,,,,
,,,,,,,,,,,,,,
BİYOFİZİK AD.,,,,,,,,,,,,,,
1.Elektromanyetik Dalgalar ile Molekülerin Analizi,,,,,,,,,,,,,,
2.Kromatografik yöntemler,,,,,,,,,,,,,,
"3.Sedimantasyon yöntemleri ( Hücre organellerinin eldesi,kanın alt yapılarının eldesi )",,,,,,,,,,,,,,
4. Enzimatik test sistemleri ,,,,,,,,,,,,,,
5. Radyo bağışıklık testi (RIA),,,,,,,,,,,,,,
,,,,,,,,,,,,,,
FİZYOLOJİ AD.,,,,,,,,,,,,,,
"1-Hücre Fizyolojisi-1 Eritrositlerin osmotik direncinin ölçülmesi, kantitatif fraj ilite testi Serumun tampon gücünün test edilmesi Eritrosit membranının permablitesi ve hemoliz",,,,,,,,,,,,,,
,,,,,,,,,,,,,,
"NOT: Dikey Koridor Beceri Uygulaması (Nabız, Kan Basıncı, Ateş, Ağırlık, Boy Ölçümü): Bu uygulamalardan önce ayrı bir bilgilendirme yapılmayacaktır.",,,,,,,,,,,,,,
,,,,,,,,,,,,,,
CELL,,,,,,Dikey Koridor,,,,,,,,
Uygulama Tarihi,Saat,Tıbbi Biyoloji,Temel Biyofizik ,Tıbbi Biyokimya,Mikrobiyoloji,"Öğrenme
(Prof.Dr. Zeynep SOLAKOĞLU)","Nabız, Kb
(Prof.Dr. Ayşe PALANDUZ)","İletişim
(Doç.Dr. Nilüfer ALÇALAR)","Şimdi Burada
(Dr.Öğr.Üyesi Hacer NALBANT)","Beslenme
(Dr.Öğr.Üyesi Beyza ELİUZ TİPİCİ)","Dikiş Düğüm
(Prof.Dr. Zeynep SOLAKOĞLU)",,,
25 Kasım 2025 Salı,13:30-15:20,,,,,,,"i3-1
14.30-16.00",,,,,,
26 Kasım 2025 Çarşamba,10:50-12:30,,,İ1,,,,,,,,,,
27 Kasım 2025 Perşembe,08.30-10.20,,,,İ2,,,,,,,,,
27 Kasım 2025 Perşembe,10:30-12:20,,,,,,,,,,,,,
28 Kasım 2025 Cuma,08:30-10:20,İ2,,,İ1,,,,,,,,,
1 Aralık 2025 Pazartesi ,08:30-10:20,,,İ2,,,,,,,,,,
1 Aralık 2025 Pazartesi ,13:30-15:20,,,,,,,,,İ1-İ2-İ3,,,,
2 Aralık 2025 Salı,08:30-10:20,,,,,,i2,i1-2,,,,,,
3 Aralık 2025 Çarşamba ,08:30-10:20,,,,,,i1,i3-2,,,,,,
4 Aralık 2025 Perşembe,08:30-10:20,İ1,,,,,i3,,,,,,,
4 Aralık 2025 Perşembe,13:30-15:20,,,,,,,,,,,,,
5 Aralık 2025 Cuma,08:30-10:20,İ2,,,,,,,,,,,,
8 Aralık 2025 Pazartesi,08:30-10:20,İ1,,,,i2,,,,,,,,
8 Aralık 2025 Pazartesi,13:30-15:20,,,,İ2,i1,,,,,,,,
9 Aralık 2025 Salı,08:30-10:20,,,,,,,i2-2,,,,,,
10 Aralık 2025 Çarşamba,08:30-10:20,,İ2,,İ1,,,,,,,,,
12 Aralık 2025  Cuma,08:30-10:20,,İ1,,İ2,,,,,,,,,
12 Aralık 2025  Cuma,14:00-16:20,,,,,,,i1-1,,,,,,
15 Aralık 2025  Pazartesi,10:30-12:20,,İ1,,İ2,,,,,,,,,
15 Aralık 2025  Pazartesi,13:30-15:20,İ1,İ2,,,,,,,,,,,
16 Aralık 2025 Salı,08:30-10:20,İ2,,,,,,,,,,,,
18 Aralık 2025 Perşembe,13:30-15:20,i1,,,,,,,,,,,,
19 Aralık 2025 Cuma,08:30-10:20,İ2,,,i1,,,,,,,,,
22 Aralık 2025 Pazartesi,08:30-10:20,,,,i1,,,,,,,,,
22 Aralık 2025 Pazartesi,13:30-15:20,,,,İ2,,,,,,,,,
26 Aralık 2025  Cuma,08:30-10:20,,,,i1,,,,,,,,,
29 Aralık 2025  Pazartesi,10:30-12:20,i1,,,İ2,,,,,,,,,
29 Aralık 2025  Pazartesi,15.30-17.20,İ2,,,,,,,,,,,,
30 Aralık 2025   Salı,08:30-10:20,,,,i1,,,,,,,,,
5 Ocak 2026 Pazartesi,10:30-12:20,,,,İ2,,,,,,,,,
5 Ocak 2026 Pazartesi,08:30-10:20,,,,i1,,,,,,,,,
6 Ocak 2026 Salı,08.30-10.20,,,,,Telafi,,,,,,,,
7 Ocak 2026 Çarşamba,13.30-15.20,,,Telafi,,,,,,,,,,
9 Ocak 2026 Cuma,10.00-12.00,Telafi,,,,,,,,,,,,
Uygulama Sayısı,,5,2,1,7,,,,,,,,,
,,,,,,,,,,,,,,
UYGULAMA KONU BAŞLIKLARI,,,,,,,,,,,,,,
TIBBİ BİYOKİMYA AD.,,,,,,,,,,,,,,
1. Elektron transportu,,,,,,,,,,,,,,
,,,,,,,,,,,,,,
TIBBİ BİYOLOJİ AD.,,,,,,,,,,,,,,
1. Kan Hücreleri,,,,,,,,,,,,,,
2. DNA izolasyonu,,,,,,,,,,,,,,
3. Tanı Yöntemleri,,,,,,,,,,,,,,
4. Mitoz-Mayoz Bölünme,,,,,,,,,,,,,,
5. Kan grupları,,,,,,,,,,,,,,
,,,,,,,,,,,,,,
BİYOFİZİK AD.,,,,,,,,,,,,,,
1.Hücre organelleri  ve alt yapılarının diferansiyel santrifüjü Sedimentasyon yöntemi ve Kanın alt yapılarının eldesi,,,,,,,,,,,,,,
2.RIA (Radyo Bağışıklık Testi),,,,,,,,,,,,,,
,,,,,,,,,,,,,,
TIBBİ MİKROBİYOLOJİ AD.,,,,,,,,,,,,,,
1.Mikrobiyoloji laboratuvarında tanı ve çalışma kuralları Mikroorganizmaların morfolojik incelenmesi Işık mikroskobu Lam-lamel arası preparasyon inceleme Basit boyama,,,,,,,,,,,,,,
"2.Gram yöntemi ile boyanma Besiyerleri Besiyerlerine ekim yöntemleri Sterilizatörlerin çalışma prensipleri, demonstrasyonu ve sterilizatör kontrolü",,,,,,,,,,,,,,
3.Bakteri kapsülünün incelenmesi Bakteri kirpiğinin ve hareketinin incelenmesi Bakteri sporlarının incelenmesi Dezenfeksiyon ve antisepsi uygulamaları,,,,,,,,,,,,,,
4.Parazitlerin morfolojik incelenmesi,,,,,,,,,,,,,,
"5.Virus izolasyon yöntemleri, virusların tanısında moleküler yöntemler.",,,,,,,,,,,,,,
6.Serolojik testlerde prensipler.,,,,,,,,,,,,,,
7.Mantarların morfolojik incelenmesi ,,,,,,,,,,,,,,
,,,,,,,,,,,,,,
,,,,,,,,,,,,,,
"NOT: Dikey Koridor Beceri Uygulaması (Nabız, Kan Basıncı, Ateş, Ağırlık, Boy Ölçümü): Bu uygulamalardan önce ayrı bir bilgilendirme yapılmayacaktır.",,,,,,,,,,,,,,
,,,,,,,,,,,,,,
,,,,,,,,,,,,,,
,,,,,,,,,,,,,,
TISSUE,,,,,,,Dikey Koridor ,,,,,,,
Uygulama Tarihi,Saati,Tıbbi Biyoloji,Biyofizik,Fizyoloji,Genel Histoloji Ve Embriyoloji,PDÖ,Enjeksiyon,"Münazara
Prof. Dr. Zeynep SOLAKOĞLU","Dikiş Düğüm
(Prof.Dr. Zeynep SOLAKOĞLU)",,,,,
24 Şubat 2026 Salı ,13:30-15:20,,,,,,,,i2,,,,,
26 Şubat 2026 Perşembe,13:30-15:20,i2,i1,,,,,,,,,,,
27 Şubat 2026 Cuma,14:00-15:50,,i2,,,,,i1,,,,,,
5 Mart 20256 Perşembe,08:30-10:20,i1,,,,,,İ2,,,,,,
6 Mart 2026 Cuma,08:30-10:20,i2,,,i1,,,,,,,,,
9 Mart 2026 Pazartesi,10:30-12:20,,,,,,,,i1,,,,,
10 Mart 2026 Salı,10:30-12:20,i1,,,,,,,i2- Sınav,,,,,
11 Mart 2026 Çarşamba,08:30-10:20,,,,i2,,,,,,,,,
12 Mart 2026 Perşembe,08:30-10:20,i2,,,i1,,,,,,,,,
12 Mart 2026 Perşembe,13:30-15:20,,,,i2,,,, i1- Sınav,,,,,
13 Mart 2026 Cuma,08:30-10:20,,i1,,,,,,,,,,,
16 Mart 2026 Pazartesi,08:30-10:20,i1,,,,,,,,,,,,
17 Mart 2026 Salı,13:30-15:20,,i2,,i1,,,,,,,,,
25 Mart 2026  Çarşamba,08:30-10:20,,i2,,,,,,,,,,,
26 Mart 2026 Perşembe,08:30-10:20,,,,,,,,,,,,,
27 Mart 2026 Cuma,08:30-10:20,,i1,,i2,,,,,,,,,
31 Mart 2026 Salı,08:30-10:20,,i2,,,,,,,,,,,
3 Nisan 2026 Cuma,08:30-10:20,,,,,,,,TELAFİ,,,,,
7 Nisan 2026 Salı,08:30-10:20,i2,,,,,,,,,,,,
7 Nisan 2026 Salı,13:30-15:20,,i1,,,,,,,,,,,
22 Nisan 2026 Çarşamba,08.30-10.20,i1,,,,,,,,,,,,
24 Nisan 2026 Cuma,08:30-10:20,,,,,İ1,,,,,,,,
27 Nisan 2026 Pazartesi,13:30-15:20,,i1,,,İ2,,,,,,,,
27 Nisan 2026 Pazartesi,15:30-17.00,,,,,,i1 ,,,,,,,
28 Nisan 2026 Salı,14.30-16.00,,,,,,İ2,,,,,,,
29 Nisan 2026 Çarşamba,08:30-10:20,,i2,,,İ1,,,,,,,,
30 Nisan 2026,10:30-12:20,,,,,İ2,,,,,,,,
30 Nisan 2026,13:30-15:20,,,,,i2-8,,,,,,,,
4 Mayıs 2026,13:30-15:20,,,,,i1-4,,,,,,,,
5 Mayıs 2026 Salı,08:30-10:20,,,,,,i1 EXAM,,,,,,,
6 Mayıs 2026 Çarşamba,10.30-12.20,,,,,,İ2 EXAM,,,,,,,
7 Mayıs 2026 Perşembe,10.30-12.20,,,,,,TELAFİ,,,,,,,
15 Mayıs 2026 Cuma,09:00-10:50,,,tüm gruplar,,,,,,,,,,
18 Mayıs 2026 Pazartesi,13:30-15:20,,TELAFİ,,,TELAFİ-a2,,,,,,,,
18 Mayıs 2026 Pazartesi,15.00-16.50,,,,,TELAFİ-a1,,,,,,,,
20 Mayıs 2026 Çarşamba,13:30-15:20,,,,,TELAFİ,,,,,,,,
3 Haziran 2026 Çarşamba,13:30-15:20,TELAFİ,,,,,,,,,,,,
Uygulama Sayısı,,4,5,1,3,1,,,,,,,,
,,,,,,,,,,,,,,
NOT: Dikey Koridor Dilimi Münazara uygulaması Prof.Dr. Yavuz BOZFAKIOĞLU (Hulusi Behçet Kütüphanesi Giriş Kat) Simüle Eğitim Merkezinde yapılacaktır. ,,,,,,,,,,,,,,
,,,,,,,,,,,,,,
UYGULAMA KONU BAŞLIKLARI,,,,,,,,,,,,,,
FİZYOLOJİ AD.,,,,,,,,,,,,,,
1-Hücre Fizyolojisi-Membran potansiyeli ve aksiyon potansiyellerinin bilgisayar ortamında simülasyonu,,,,,,,,,,,,,,
,,,,,,,,,,,,,,
TIBBİ BİYOLOJİ AD.,,,,,,,,,,,,,,
1. Tanı yöntemleri değerlendirilmesi,,,,,,,,,,,,,,
2. Karyotip,,,,,,,,,,,,,,
3. Aile ağacı,,,,,,,,,,,,,,
4. Olgu tartışması ,,,,,,,,,,,,,,
,,,,,,,,,,,,,,
BİYOFİZİK AD.,,,,,,,,,,,,,,
1.Poliakrilamid jel elektroforezi ile molekül ağırlığının tayini,,,,,,,,,,,,,,
2.DNA İzolasyonu,,,,,,,,,,,,,,
3.DNA Elektroforezi,,,,,,,,,,,,,,
4.PCR (Polimeraz Zincir Reaksiyonu),,,,,,,,,,,,,,
5.Biyoelektrik potansiyeller,,,,,,,,,,,,,,
,,,,,,,,,,,,,,
HİSTOLOJİ AD.,,,,,,,,,,,,,,
"1.) EPİTEL VE BAĞ DOKU
Tek katlı prizmatik fırçamsı kenarlı epitel (ince barsak) - PAS&Haemalun
Tek katlı yassı ve çok katlı yassı keratinleşmemiş epitel (cornea) -H&E
Çok katlı yassı keratinleşmiş epitel (kıllı deri) -H&E
Yalancı çok katlı prizmatik titrek tüylü epitel (trakea) –H&E
Çok katlı değişken epitel (idrar kesesi) -H&E
Embriyonik bağ doku (göbek kordonu) –Masson trikrom
Gevşek bağ doku (deri altı) –Safranalin&Hematoksilen
Örgümsü bağ dokusu (deri) -Safranelin &Mallory
Tıkız bağ dokusu (tendon) -H&E",,,,,,,,,,,,,,
"2.KAS VE SİNİR DOKUSU
Düz kas (ince bağırsak duvarı) -H&E
İskelet kası (dil) –Heidenhain’ın demirli hematoksileni
Kalp kası -Heidenhain’ın demirli hematoksileni
Piramidal nöronlar (serebrum) –Cajal
Purkinje hücreleri (serebellum) –Cajal
Motor nöron (medulla spinalis) –Krezil viyole
Pseudounipolar nöron (spinal gangliyon) –H&E
Glia hücreleri (serebrum) –Golgi
Koroid pleksus (serebrum) –H&E
Sinir lifi –Osmik asit",,,,,,,,,,,,,,
"3.GENEL EMBRİYOLOJİ
Oosit, Ovaryum -Azan
Spermatozoon -Papa nicolau
Embriyo gelişimi-implantasyon -H&E
Gastrulasyon ve nörulasyon -H&E
Plasenta -H&E
Kan Doku –May Grunwald Giemsa                                                          ",,,,,,,,,,,,,,
,,,,,,,,,,,,,,
,,,,,,,,,,,,,,
NOT: Dikey Koridor Dilimi Enjeksiyon ve Dikiş Düğüm uygulamaları Prof.Dr. Yavuz BOZFAKIOĞLU (Hulusi Behçet Kütüphanesi Giriş Kat) Simüle Eğitim Merkezinde yüzyüze eğitim ile yapılacaktır. Uygulamaların sınavları öğrencilerin beceriyi uyguladıkları videoları Tıp Eğitimi AD tarafından açıklanacak linke yüklemeleri ve bu videoların değerlendirilmesi ile yapılacaktır. Dikiş düğüm uygulamasına gelen öğrencilerin yanlarında portegü ve penset getirmeleri gereklidir (Beceri çantası içinde bulunmaktadır).,,,,,,,,,,,,,,
,,,,,,,,,,,,,,
LIFE STAGES,,,,,,,,,,,,,,
4 Mayıs 2026 Pazartesi,08:30-10:20,,,,,,,,,,,,,
6 Mayıs 2026 Çarşamba,08:30-10:20,,,,,,,,,,,,,
12 Mayıs 2026 Salı,08:30-10:20,,,,,,,,,,,,,
,,,,,,,,,,,,,,
"Hayatın Evreleri diliminin giriş dersinde tüm birinci sınıf öğrencileri dilimin derslerini veren tüm öğretim üyelerine gruplar halinde dağıtılacak. Her öğrenci, öğretim üyesinin yönlendirmesi doğrultusunda, güncel basında yer alan ve hayatın evreleriyle ilgili, kendinde merak uyandıran herhangi bir konuyu, bilimsel veriler çerçevesinde değerlendirerek o konu hakkında ayrıntılı bir sunu hazırlayacak. Sunumlar ilgili öğretim üyelerine iletilecek. Her öğretim üyesi kendi grubunu değerlendirerek bir ya da birkaç sunuyu seçecek. Seçilen sunular, uygulama derslerinde gruplara yönelik olarak, hazırlayan öğrenciler tarafından sunulacak.",,,,,,,,,,,,,,
,,,,,,,,,,,,,,
MOVEMENT,,,,,,,,,,,,,,
Uygulama Tarihi,Saati,Genel Histoloji ve Embriyoloji,Fizyoloji,Anatomi,,Saati,,,,,,,,
21 Mayıs 2026 Perşembe,10:30-12:20,,tüm gruplar,2 Mart 2026 Pazartesi,,13.30-16.20,,,,,,,,
4 Haziran 2026 Perşembe,08:30-10:20,İ2,,6 Mart 2026 Cuma,,14.00-16.50,,,,,,,,
5 Haziran 2026 Cuma,08:30-10:20,İ1,,9 Mart 2026 Pazartesi,,13.30-16.20,,,,,,,,
,,,,13 Mart 2026 Cuma,,14.00-16.50,,,,,,,,
,,,,16 Mart 2026 Pazartesi,,13.30-16.20,,,,,,,,
,,,,23 Mart 2026 Pazartesi,,13.30-16.20,,,,,,,,
,,,,27 Mart 2026 Cuma,,14.00-16.50,,,,,,,,
,,,,30 Mart 2026 Pazartesi,,13.30-16.20,,,,,,,,
,,,,3 Nisan 2026 Cuma,,14.00-16.50,,,,,,,,
,,,,6 Nisan 2026 Pazartesi,,13.30-16.20,,,,,,,,
,,,,10 Nisan 2026 Cuma,,14.00-16.50,,,,,,,,
,,,,24 Nisan 2026 Cuma,,14.00-16.50,,,,,,,,
,,,,5 Mayıs 2026 Salı,,13.30-16.20,,,,,,,,
,,,,7 Mayıs 2026 Perşembe,,13.30-16.20,,,,,,,,
,,,,12 Mayıs 2026 Salı,,13.30-16.20,,,,,,,,
,,,,14 Mayıs 2026 Perşembe,,13.30-16.20,,,,,,,,
,,,,21 Mayıs 2026 Perşembe,,13.30-16.20,,,,,,,,
,,,,22 Mayıs 2026 Cuma,,14.00-16.50,,,,,,,,
,,,,1 Haziran 2026 Pazartesi,,13.30-16.20,,,,,,,,
,,,,2 Haziran 2026 Salı,,13.30-16.20,,,,,,,,
,,,,4 Haziran 2026 Perşembe,,13.30-16.20,,,,,,,,
Uygulama Sayısı,,1,1,21,,,,,,,,,,
,,,,,,,,,,,,,,
UYGULAMA KONU BAŞLIKLARI,,,,,,,,,,,,,,
ANATOMİ AD.,,,,,,,,,,,,,,
"Hareket dilimi içinde yer alan Anatomi dersleri, TBG III dilimi içinde başlayarak devam edecektir. Değerlendirmesi Hareket Diliminin içinde olacaktır.",,,,,,,,,,,,,,
1.Kemiklerin Yapısı ,,,,,,,,,,,,,,
"2.Os coxae, femur, patell",,,,,,,,,,,,,,
"3.Tibia, fibula, ossa ped",,,,,,,,,,,,,,
"4.Clavicula, scapula, humeru",,,,,,,,,,,,,,
"5.Radius, ulna, ossa manus",,,,,,,,,,,,,,
6.Omurlar,,,,,,,,,,,,,,
"7.Sternum, costa",,,,,,,,,,,,,,
"8.Os sacrum, pelv",,,,,,,,,,,,,,
"9.Os frontale, os parietale, os occipitale",,,,,,,,,,,,,,
"10.Os temporale, os zygomaticum, maxill",,,,,,,,,,,,,,
"11.Mandibula, os ethmoidale, os sphenoidale",,,,,,,,,,,,,,
"12.Os palatinum, os lacrimale, os nasale, concha nasalis inferior, vomer",,,,,,,,,,,,,,
13.Norma occipitalis-basillari,,,,,,,,,,,,,,
14.Norma lateralis,,,,,,,,,,,,,,
15.Boyun kasla,,,,,,,,,,,,,,
16.Sırt kasları,,,,,,,,,,,,,,
17.Karın Kasları,,,,,,,,,,,,,,
18.Üst ekstremite kasları 1,,,,,,,,,,,,,,
19.Üst ekstremite kasları 2,,,,,,,,,,,,,,
20.Alt ekstremite kasları 1,,,,,,,,,,,,,,
21.Alt ekstremite kasları 2,,,,,,,,,,,,,,
,,,,,,,,,,,,,,
HİSTOLOJİ VE EMBRİYOLOJİ AD.,,,,,,,,,,,,,,
"Hiyalin kıkırdak (trakea) –H&E
Elastik kıkırdak (kulak kepçesi) -Safranalin
Fibröz kıkırdak (İntervertebral disk) –H&E
Kompakt kemik –Thionin pikrik asit
Desmal (intramembranöz) kemikleşme –H&E
Kondral (Endokondral) kemikleşme –H&E",,,,,,,,,,,,,,
,,,,,,,,,,,,,,
FİZYOLOJİ AD.,,,,,,,,,,,,,,
"Kurbağada iskelet kasın fizyolojik özelliklerinin gösterilmesi
1-Kasın direkt-indirekt uyarılması (Claud Bernard deneyi)
2-İskelet kasında eşik değer ve hep-hiç yasası ilkesinin gösterilmesi
3-İskelet kasında yorgunluk belirtilerinin araştırılması
4-İskelet kasında sumasyon, tam ve tam olmayan tetanusun gösterilmesi",,,,,,,,,,,,,,