2,,,,,,,,
DÖNEM-3 HAREKET 2 DİLİMİ - UYGULAMA PROGRAMI (11.10 - 12.10 Uygulaması),,,,,,,,
Anabilim/Bilim Dalları,FİZİK TEDAVİ,FİZİK TEDAVİ,ORTOPEDİ,ORTOPEDİ,ROMATOLOJİ,ROMATOLOJİ,SPOR HEKİMLİĞİ,ÇOCUK SAĞLIĞI
TARİH,,,,,,,,
22 Eylül 2025 Pazartesi,A1,A2,A3,A4,A5,A6,A7,A8
24 Eylül 2025 Çarşamba,A3,A4,A5,A6,A7,A8,A1,A2
29 Eylül 2025 Pazartesi,A5,A6,A7,A8,A1,A2,A4,A3
1 Ekim 2025 Çarşamba,A7,A8,A1,A2,A3,A4,A5,A6
6 Ekim 2025 Pazartesi,A1,A2,A3,A4,A5,A6,A8,A7
8 Ekim 2025 Çarşamba,A3,A4,A5,A6,A8,A7,A2,A1
13 Ekim 2025 Pazartesi,A5,A6,A8,A7,A1,A2,A3,A4
15 Ekim 2025 Çarşamba,A8,A7,A1,A2,A3,A4,A6,A5
,,,,,,,,
Çocuk Sağlığı (Romatoloji),,,,,,,,
Çocuklarda Eklem Muayenesi,,,,,,,,
,,,,,,,,
Farmakoloji,,,,,,,,
Klinik toksikoloji alanında farmakoloji ilkelerinin uygulanması,,,,,,,,
,,,,,,,,
Fizik Tedavi,,,,,,,,
Vakalarla Kas İskelet Sistemi,,,,,,,,
1- Bel ağrısı,,,,,,,,
2- Osteoartrit,,,,,,,,
3- Ankilozan Spondilit,,,,,,,,
4- Romatoid artrit,,,,,,,,
,,,,,,,,
Mikrobiyoloji,,,,,,,,
Yumuşak/kemik doku infeksiyonlarının tanısı,,,,,,,,
a) Aerop ve anaerop kültür yöntemleri,,,,,,,,
b) Sonuçların değerlendirilmesi ve raporlama,,,,,,,,
,,,,,,,,
Ortopedi,,,,,,,,
Travmalı hastanın ortopedik muayenesi (acil yaklaşımlar),,,,,,,,
"Travmalı hastalarda konservatif tedavi yöntemleri (tansiyon, bandaj, ortez-atel, s.alçı)",,,,,,,,
,,,,,,,,
Patoloji,,,,,,,,
Kemik Hastalıkları:,,,,,,,,
"Mikroskopi: Fibröz displazi ve kondrosarkom, Osteosarkom",,,,,,,,
Makroskopi: Kemik ve yumuşak doku tümörleri,,,,,,,,
,,,,,,,,
Romatoloji (İç Hastalıkları AD-B Blok 2.Kat - Romatoloji Dersanesi),,,,,,,,
Periferik eklem muayenesi 1 Periferik eklem muayenesi 2,,,,,,,,
,,,,,,,,
Spor Hekimliği,,,,,,,,
Kas gücü ölçümü,,,,,,,,
,,,,,,,,
DÖNEM-3 KAN-LENFOİD 2 DİLİMİ - UYGULAMA PROGRAMI (11.10 - 12.10 Uygulaması),,,,,,,,
Anabilim/Bilim Dalları,HEMATOLOJİ,HEMATOLOJİ,GERATRİ,ACİL DAHİLİYE,KAN MERKEZİ,ÇOCUK HEMATOLOJİSİ,ÇOCUK HEMATOLOJİSİ,ALERJİ
TARİH,,,,,,,,
20 Ekim 2025 Pazartesi,A1,A2,A3,A4,A5,A6 ,A7 ,A8
22 Ekim 2025 Çarşamba,A2,A3,A4,A5,A6,A7,A8,A1 
27 Ekim 2025 Pazartesi,A3,A4,A5,A6,A7,A8,A1,A2
31 Ekim 2025 Cuma,A4,A5,A6,A7,A8,A1-A2 ,,A3
3 Kasım 2025 Pazartesi,A5,A6,A7,A8,A1,A2,A3,A4
5 Kasım 2025 Çarşamba,A6,A7,A8,A1,A2,A3,A4,A5
10 Kasım 2025 Pazartesi,A7,A8,A1,A2,A3,A4,A5,A6
12 Kasım 2025 Çarşamba,A8,A1,A2,A3,A4,A5,A6,A7
,,,,,,,,
Çocuk Sağlığı (Hematoloji) ,,,,,,,,
Lenfodenopatilere yaklaşım Anemilere yaklaşım,,,,,,,,
,,,,,,,,
Farmakoloji,,,,,,,,
Klinik farmakoloji alanında farmakoloji ilkelerinin uygulanması,,,,,,,,
İç Hastalıkları (Allerji),,,,,,,,
Allerjik hastalıklara yaklaşım,,,,,,,,
Allerjik hastalıkların semptom ve bulguları Erişkin immun yetmezlikli hastalara yaklaşım,,,,,,,,
,,,,,,,,
İç Hastalıkları (Acil Dahiliye),,,,,,,,
Hematolojik hastaya yaklaşım,,,,,,,,
İç Hastalıkları (Geriatri),,,,,,,,
"Geriatrik hasta grubunda anamnez, fizik muayene (dikkat edilecek noktalar)",,,,,,,,
,,,,,,,,
İç Hastalıkları (Hematoloji),,,,,,,,
Anemi muayeneleri,,,,,,,,
Peteşi ekimoz muayeneleri Lenfadenomegali muayenesi Splenomegali muayene,,,,,,,,
Kan sayımlarının değerlendirilmesi Perifer yaymasının değerlendirilmesi Lenfomaya yaklaşım,,,,,,,,
B semptomaları,,,,,,,,
Multipl myelomlu hastanın muayenesi Hemofili hastaya yaklaşım,,,,,,,,
,,,,,,,,
Kan Merkezi,,,,,,,,
Transfüzyon,,,,,,,,
,,,,,,,,
Mikrobiyoloji ,,,,,,,,
Uygulama 1.,,,,,,,,
Kan dolaşımı infeksiyonlarının bakteriyolojik tanısı,,,,,,,,
a) Hemokültür yöntemleri,,,,,,,,
b) Sonuçların değerlendirilmesi ve raporlama,,,,,,,,
Uygulama 2.,,,,,,,,
Kan dolaşımı infeksiyonlarının parazitolojik tanısı,,,,,,,,
a) Preparat hazırlama ve boyama yöntemleri,,,,,,,,
b) Mikroskopi,,,,,,,,
,,,,,,,,
Patoloji,,,,,,,,
Hemopoetik ve Lenforetiküler Sistem:,,,,,,,,
"Mikroskopi: Lenf gangliyonunda karsinom metastazı, Hodgkin hastalığı, Hodgkin dışı lenfoma ",,,,,,,,
"Makroskopi: Hodgkin hastalığı, Hodgkin dışı lenfoma, lösemiler.",,,,,,,,
,,,,,,,,
DÖNEM-3 DOLAŞIM 2 DİLİMİ - UYGULAMA PROGRAMI (11.10 - 12.10 Uygulaması),,,,,,,,
Anabilim/Bilim Dalları,ÇOCUK KARDİYO,ÇOCUK GENEL PEDİATRİ,KARDİYOLOJİ,KARDİYOLOJİ,KARDİYOLOJİ,SPOR HEKİMLİĞİ,İÇ HASTALIKLARI,KALP DAMAR CERRAHİSİ
TARİH,,,,,,,,
19 Kasım 2025 Çarşamba,A1,A2,A3,A4,A5,A6,A7,A8
24 Kasım 2025 Pazartesi,A2,A3,A4,A5,A6,A7,A8,A1
26 Kasım 2025 Çarşamba,A3,A4,A5,A6,A7,A8,A1,A2
1 Aralık 2025 Pazartesi,A4,A5,A6,A7,A8,A1,A2,A3
3 Aralık 2025 Çarşamba,A5,A6,A7,A8,A1,A2,A3,A4
8 Aralık 2025 Pazartesi,A6,A7,A8,A1,A2,A3,A4,A5
10 Aralık 2025 Çarşamba,A7,A8,A1,A2,A3,A4,A5,A6 
12 Aralık 2025 Cuma,A8,A1,A2,A3,A4,A5,A6,A7 
,,,,,,,,
Çocuk Sağlığı (Genel Pediatri),,,,,,,,
Çocukta kan basıncı ölçümü ve değerlendirilmesi,,,,,,,,
,,,,,,,,
Çocuk Sağlığı (Kardiyoloji),,,,,,,,
Çocuklarda kardiyolojik muayene,,,,,,,,
,,,,,,,,
Farmakoloji,,,,,,,,
Akılcı antibiyotik kullanımı,,,,,,,,
,,,,,,,,
İç Hastalıkları,,,,,,,,
"Kan basıncı ölçümü, nabız muayenesi, ödem",,,,,,,,
,,,,,,,,
Kalp Damar Cerrahisi,,,,,,,,
Kardiyovasküler sistem hastalıklarında hasta başı uygulama,,,,,,,,
,,,,,,,,
Kardiyoloji,,,,,,,,
Kalp hastalarında anamnez,,,,,,,,
Kalp hastalarında genel muayene prensipleri,,,,,,,,
Kalp sesleri ve üfürümler,,,,,,,,
,,,,,,,,
Patoloji Kardiyovasküler Sistem,,,,,,,,
"Mikroskopi: Romatizmal myokardit, Myokard infarktüsü, Ateroskleroz",,,,,,,,
"Makroskopi: Endokarditler, Fibrinli perikardit, Myokard infarktüsü, Kalp hipertirofi ve dilatasyonu, Ateroskleroz, Anevrizmalar.",,,,,,,,
,,,,,,,,
Spor Hekimliği,,,,,,,,
Aerobik Kapasite ve Güç Ölçümü,,,,,,,,
,,,,,,,,
DÖNEM-3 SOLUNUM 2 DİLİMİ - UYGULAMA PROGRAMI (11.10 - 12.10 Uygulaması),,,,,,,,
Anabilim/Bilim Dalları,ÇOCUK SAĞLIĞI,ÇOCUK SAĞLIĞI,GÖĞÜS HAST.,GÖĞÜS HAST.,ANESTEZİYOLOJİ,GÖĞÜS CERRAHİSİ,SPOR HEKİMLİĞİ,KBB
TARİH,,,,,,,,
15 Aralık 2025 Pazartesi,A1,A2,A3,A4,A5,A6,A7,A8
17 Aralık 2025 Çarşamba,A3,A4,A5,A6,A7,A8,A1,A2
22 Aralık 2025 Pazartesi,A5,A6,A7,A8,A1,A2,A3,A4
24 Aralık 2025 Çarşamba,A7,A8,A1,A2,A3,A4,A5,A6
29 Aralık 2025 Pazartesi,A1,A2,A4,A3,A6,A5,A8,A7
31 Aralık 2025 Çarşamba,A3,A4,A2,A5,A8,A7,A6,A1
2 Ocak 2026 Cuma,A5,A6,A8,A7,A2,A1,A4,A3
5 Ocak 2026 Pazartesi,A7,A8,A6,A1,A4,A3,A2,A5
,,,,,,,,
Sağlığı (Allerji),,,,,,,,
Çocukta Solunum sistemi öykü ve fizik muayene 1,,,,,,,,
Çocukta solunum sistemi öykü ve fizik muayene 2,,,,,,,,
,,,,,,,,
Farmakoloji,,,,,,,,
Farmakolojide tarama testleri,,,,,,,,
,,,,,,,,
Göğüs Cerrahisi,,,,,,,,
Göğüs Cerrahi Olguları,,,,,,,,
,,,,,,,,
Göğüs Hastalıkları,,,,,,,,
Obstrüktif Akciğer Hastalıkları,,,,,,,,
Pnömoni-Tüberküloz,,,,,,,,
Tanı Yöntemleri/Aciller,,,,,,,,
,,,,,,,,
Kulak Burun Boğaz,,,,,,,,
Burun ve boğaz muayenesi,,,,,,,,
,,,,,,,,
Anesteziyoloji ve Reanimasyon,,,,,,,,
Kan Gazları,,,,,,,,
,,,,,,,,
Mikrobiyoloji ,,,,,,,,
Uygulama 1.Üst ve alt solunum yolu infeksiyonlarının bakteriyolojik tanısı,,,,,,,,
- Boğaz salgısı kültürü,,,,,,,,
- Tüberkülozda tanı yöntemleri,,,,,,,,
- Pnömonide tanı yöntemleri,,,,,,,,
Uygulama 2. a) Fungal solunum yolu infeksiyonlarının laboratuvar tanısı,,,,,,,,
a) Fungal solunum yolu infeksiyonlarının laboratuvar tanısı,,,,,,,,
-Mikroskop incelemeleri,,,,,,,,
-Kültür yöntemleri,,,,,,,,
-Serolojik ve moleküler yöntemlerin tanıdaki yeri,,,,,,,,
-Sonuçların değerlendirilmesi ve raporlama,,,,,,,,
b) Viral solunum yolu infeksiyonlarının laboratuvar tanısı,,,,,,,,
,,,,,,,,
Patoloji,,,,,,,,
"Mikroskopi: Larenks karsinomu, Akciğer tüberkülozu, Akciğer karsinomu ",,,,,,,,
"Makroskopi: Larenks kanserleri, Akciğer tüberkülozu, Akciğer kanserleri. ",,,,,,,,
,,,,,,,,
Spor Hekimliği,,,,,,,,
Egzersiz Reçetelendirmesi,,,,,,,,
,,,,,,,,
DÖNEM-3 ENDOKRİN - METABOLİZMA 2 DİLİMİ - UYGULAMA PROGRAMI (11.10 - 12.10 Uygulaması),,,,,,,,
Anabilim/Bilim Dalları,ÇOCUK END.- MET.,ÇOCUK END.- MET.,İÇ HAST. TIBBİ GENETİK,İÇ HAST. ENDOKRİN,İÇ HAST. ENDOKRİN,SPOR HEKİMLİĞİ,NÜKLEER TIP,BİYOKİMYA
TARİH,,,,,,,,
2 Şubat 2026 Pazartesi,A1,A2,A3,A4,A5,A6,A7,A8
4 Şubat 2026 Çarşamba,A2,A3,A4,A5,A6,A7,A8,A1
9 Şubat 2026 Pazartesi,A3,A4,A5,A6,A7,A8,A1,A2
11 Şubat 2026 Çarşamba,A4,A5,A6,A7,A8,A1,A2,A3
16 Şubat 2026 Pazartesi,A5,A6,A7,A8,A1,A2,A3,A4
18 Şubat 2026 Çarşamba,A6,A7,A8,A1,A2,A3,A4,A5
23 Şubat 2026 Pazartesi,A7,A8,A1,A2,A3,A4,A5,
25 Şubat 2026 Çarşamba,A8,A1,A2,A3,A4,A5,A6,
3 Mart 2026 Salı,,,,,,,,A6
3 Mart 2026 Salı,,,,,,,,A7
Klinik Biyokimya,,,,,,,,
Endokrinde kullanılan testler (laboratuar ortamında uygulama),,,,,,,,
,,,,,,,,
Çocuk Sağlığı (Endokrin),,,,,,,,
Antropometrik ölçümlerin alınması ve değerlendirilmesi,,,,,,,,
Büyüme ve ergenliğin değerlendirilmesi,,,,,,,,
,,,,,,,,
Çocuk Sağlığı (Metabolizma) ,,,,,,,,
Metabolik hastalıklarda öykü Beslenme öyküsü alma,,,,,,,,
,,,,,,,,
Farmakoloji,,,,,,,,
Klinik farmakoloji ve ilaç araştırmaları,,,,,,,,
,,,,,,,,
İç Hastalıkları (Endokrin Bilim Dalı – 3.Blok 1.Kat Prof. Dr. Ergin Sencar Seminer Odası),,,,,,,,
Endokrinolojide hasta değerlendirmesi (hasta başı uygulama),,,,,,,,
,,,,,,,,
İç Hastalıkları (Genetik ),,,,,,,,
Sık görülen genetik bozukluklar,,,,,,,,
,,,,,,,,
Spor Hekimliği,,,,,,,,
Yaralanmalara Temel Yaklaşım ve İlk Müdahale,,,,,,,,
,,,,,,,,
Nükleer Tıp (İç Hastalıkları Binası A Blok 2.Bodrum Nükleer Tıp AD Gama Kamera Ünitesi),,,,,,,,
Sintigrafik görüntülemede hasta başı uygulama,,,,,,,,
,,,,,,,,
Patoloji  Endokrin Sistem:,,,,,,,,
"Mikroskopi: Diffüz kolloidal guvatr, Hashimoto tiroiditi, Tiroid karsinomu ",,,,,,,,
"Makroskopi: Endokrin sistem tümörleri, Multinodüler guvatr.",,,,,,,,
,,,,,,,,
DÖNEM-3 SİNDİRİM 2 DİLİMİ - UYGULAMA PROGRAMI (11.10 - 12.10 Uygulaması),,,,,,,,
Anabilim/Bilim Dalları,GASTROENT.,GASTROENT.,GASTROENT.,ÇOCUK GASTRO.,ÇOCUK GASTRO.,"GENEL
PEDİATRİ",ACİL DAHİLİYE,"GENEL
CER."
TARİH,,,,,,,,
2 Mart 2026 Pazartesi,A1,A2,A3,A4,A5,A6,A7,A8
4 Mart 2026 Çarşamba,A2,A3,A4,A5,A6,A7,A8,A1
9 Mart 2026 Pazartesi,,,,A6,A7,A8,A1,A2
11 Mart 2026 Çarşamba,A4,A5,A6,A7,A8,A1,A2,A3
16 Mart 2026 Pazartesi,A5,A6,A7,A8,A1,A2,A3,A4
17.03.2026  (9.20-10.00),,,,,,,,
18 Mart 2026 Çarşamba,A6,A7,A8,A1,A2,A3,A4,A5
23 Mart 2026 Pazartesi,A7,A8,A1,A2,A3,A4,A5,A6
24 Mart 2026 Salı,A3,A4,A5,,,,,
25 Mart 2026 Çarşamba,A8,A1,A2,A3,A4,,A6,A7
26 Mart 2026 Perşembe,,,,,,A5,,
,,,,,,,,
,,,,,,,,
Çocuk Sağlığı (Gastroentroloji),,,,,,,,
Gastrointestinal kanamalı çocuğa yaklaşım Çocukta malnutrisyon değerlendirmesi,,,,,,,,
,,,,,,,,
Çocuk Sağlığı (Genel Pediatri),,,,,,,,
Çocukta karın muayenesi,,,,,,,,
,,,,,,,,
Farmakoloji,,,,,,,,
Nöropsikiyatride ilaç araştırmaları,,,,,,,,
,,,,,,,,
Genel Cerrahi,,,,,,,,
Hastabaşı uygulama,,,,,,,,
,,,,,,,,
İç Hastalıkları (Gastroenterohepatoloji) ,,,,,,,,
Gastroenterohepatoloji Hastalıklarında Anamnez Gastroenterohepatoloji Hastalıklarında Fizik Muayene Bulge ve belirtilerin değerlendirilmesi ve analiz,,,,,,,,
,,,,,,,,
İç Hastalıkları (Acil Dahiliye),,,,,,,,
Hastabaşı uygulama,,,,,,,,
,,,,,,,,
Mikrobiyoloji Uygulama 1.,,,,,,,,
Gastrointestinal sistem infeksiyonlarının bakteriyolojik tanısı,,,,,,,,
-Salmonella spp. ve Shigella spp.’nin laboratuvar tanısı,,,,,,,,
-Campylobacter spp. ve Helicobacter spp.’nin laboratuvar tanısı,,,,,,,,
-Clostridium difficile ve Vibrio cholerae’nin laboratuvar tanısı,,,,,,,,
Uygulama 2.,,,,,,,,
a) Gastrointestinal sistem infeksiyonlarının parazitolojik tanısı,,,,,,,,
-Klinik örneklerin kabul ve red kriterleri,,,,,,,,
-Etken olan protozoon ve helmintlerin laboratuvar tanısı,,,,,,,,
-Sonuçların değerlendirilmesi ve raporlama,,,,,,,,
b) Viral gastroenteritlerin laboratuvar tanısı,,,,,,,,
,,,,,,,,
Patoloji,,,,,,,,
"Mikroskopi: Kolon adenokarsinom, Kolon adenomatöz polip. Siroz, Hepatoselüler karsinom",,,,,,,,
"Makroskopi: Mide adenokarsinom, Kolon adenokarsinom, GİST, Ülseratif kolit, Crohn, Polipozis, Siroz, Primer ve metastatik karaciğer Tümörleri",,,,,,,,
,,,,,,,,
DÖNEM-3 ÜROGENİTAL VE ÜREME II DİLİMİ - UYGULAMA PROGRAMI (11.10 - 12.10 Uygulaması),,,,,,,,
Anabilim/Bilim Dalları,KADIN DOĞUM,KADIN DOĞUM,KADIN DOĞUM,NEFROLOJİ,NEFROLOJİ,NEFROLOJİ,"ÇOCUK
NEFROLOJİSİ",ÜROLOJİ
TARİH,,,,,,,,
6 Nisan 2026 Pazartesi,A1,A2,A3,A4,A5,A6,A7,A8
8 Nisan 2026 Çarşamba,A2,A3,A4,A5,A6,A7,A8,A1
13 Nisan 2026 Pazartesi,A3,A4,A5,A6,A7,A8,,A2
15 Nisan 2026 Çarşamba,A4,A5,A6,A7,A8,A1,A2,A3
17.04.2026 15.50-16.30,,,,,,,A1,
20 Nisan 2026 Pazartesi,A5,A6,A7,A8,A1,A2,A3,A4
22 Nisan 2026 Çarşamba,A6,A7,A8,A1,A2,A3,A4,A5
27 Nisan 2026 Pazartesi,A7,A8,A1,A2,A3,A4,A5,A6
29 Nisan 2026 Çarşamba,A8,A1,A2,A3,A4,A5,A6,A7
,,,,,,,,
Çocuk Sağlığı (Nefroloji),,,,,,,,
Çocuk nefrolojisinde hasta değerlendirme yöntemleri,,,,,,,,
,,,,,,,,
Farmakoloji,,,,,,,,
İç hastalıklarında ilaç araştırmaları,,,,,,,,
,,,,,,,,
İç Hastalıkları (Nefroloji),,,,,,,,
Nefrolojik hasta değerlendirmesi (hasta başı uygulama),,,,,,,,
,,,,,,,,
Kadın Doğum,,,,,,,,
İnfertil hastanın değerlendirilmesi İnfertil hastanın tedavisi,,,,,,,,
Ürojinekolojik hastanın değerlendirilmesi Adolesan ve pediyatrik hasta değerlendirmesi Antenatal hasta muayenesi,,,,,,,,
Maket üzerinde normal doğum,,,,,,,,
Jinekolojik hastanın değerlendirilmesi Onkolojik hastanın değerlendirilmesi,,,,,,,,
,,,,,,,,
Mikrobiyoloji ,,,,,,,,
Uygulama 1.,,,,,,,,
Genito-üriner sistem infeksiyonlarının bakteriyolojik tanısı,,,,,,,,
-Klinik örneklerin alınması,,,,,,,,
-Uygulanan mikrobiyolojik testler,,,,,,,,
-Sonuçların değerlendirilmesi ve raporlama,,,,,,,,
Uygulama 2.,,,,,,,,
Genito-üriner sistem infeksiyonlarının;,,,,,,,,
a) Virolojik b) Parazitolojik tanısı,,,,,,,,
-Klinik örneklerin alınması,,,,,,,,
-Uygulanan mikrobiyolojik testler,,,,,,,,
-Sonuçların değerlendirilmesi ve raporlama,,,,,,,,
,,,,,,,,
Patoloji ,,,,,,,,
Uygulama 1.,,,,,,,,
Üriner ve Erkek Genital Sistem:,,,,,,,,
"Mikroskopi: Piyelonefrit, böbrek hücreli karsinom, Seminom",,,,,,,,
"Makroskopi: Üriner sistem anomaleleri, Kronik hastalıkları ve tümörleri, Erkek genital sistem tümörleri",,,,,,,,
Uygulama 2.,,,,,,,,
Kadın Genital Sistem ve Meme:,,,,,,,,
"Mikroskopi: Mol hidatiform, Endometrium karsinomu, Meme karsinomu",,,,,,,,
Makroskopi: Jinekolojik sistem ve meme hastalıkları,,,,,,,,
,,,,,,,,
Üroloji,,,,,,,,
Ürolojik hastanın değerlendirilmesi (hasta başı uygulama),,,,,,,,
,,,,,,,,
DÖNEM-3 SİNİR DUYU 2 DİLİMİ - UYGULAMA PROGRAMI (11.10 - 12.10 Uygulaması),,,,,,,,
Anabilim/Bilim Dalları,DERMATOLOJİ,NÖROLOJİ,ÇOCUK NÖROLOJİ,GÖZ,KBB,,,
TARİH,,,,,,,,
4 Mayıs 2026 Pazartesi,-,A1-A2-A7,A5,A3-A4,A6-A8,,,
6 Mayıs 2026 Çarşamba,A1-A2-A3-A4,A5-A7-A8,A6,-,-,,,
11 Mayıs 2026 Pazartesi,-,A6-A8-A4,A2,A1-A5,A3-A7,,,
13 Mayıs 2026 Çarşamba,A5-A6-A7-A8,A3-A1-A2,A4,-,-,,,
15 Mayıs 2026 Cuma,-,A8-A3-A6,A1,A2-A7,A4-A5,,,
18 Mayıs 2026 Pazartesi,A1-A2-A3-A4,A7-A6-A5,A8,-,-,,,
20 Mayıs 2026 Çarşamba,-,A4-A5-A3,A7,A6-A8,A1-A2,,,
22 Mayıs 2026 Cuma,A5-A6-A7-A8,A2-A4-A1,A3,-,-,,,
,,,,,,,,
Çocuk Sağlığı (Nöroloji),,,,,,,,
Yeni doğanda nörolojik muayene Süt çocuğunda nörolojik muayene,,,,,,,,
,,,,,,,,
Dermatoloji,,,,,,,,
Dermatolojik muayemenin ana ilkeleri,,,,,,,,
,,,,,,,,
Farmakoloji,,,,,,,,
Öğrenci seminerleri,,,,,,,,
,,,,,,,,
Göz Hastalıkları,,,,,,,,
Göz rahatsızlklarında hastanın değerlendirilmesi (hasta başı uygulama),,,,,,,,
,,,,,,,,
Kulak Burun Boğaz,,,,,,,,
İşitme kaybı değerlendirmesi,,,,,,,,
,,,,,,,,
Mikrobiyoloji Uygulama 1.,,,,,,,,
a-Merkezi sinir sistemi infeksiyonlarının mikrobiyolojik tanısı,,,,,,,,
-Etkenlere göre tanı yöntemleri,,,,,,,,
-Sonuçların değerlendirilmesi ve raporlama,,,,,,,,
b- Merkezi sinir sistemi infeksiyonlarının virolojik tanısı,,,,,,,,
Uygulama 2.,,,,,,,,
a-Mantar infeksiyonlarının mikrobiyolojik tanısı,,,,,,,,
-Mikroskop incelemesi,,,,,,,,
-Kültür yöntemleri,,,,,,,,
-Sonuçların değerlendirilmesi ve raporlama,,,,,,,,
b- Böceklerin demonstrasyonu,,,,,,,,
,,,,,,,,
Nöroloji,,,,,,,,
Nörolojik muayene 1,,,,,,,,
Nörolojik muayene 2,,,,,,,,
Nörolojik muayene 3,,,,,,,,
,,,,,,,,
Patoloji ,,,,,,,,
Uygulama 1.,,,,,,,,
Tümöral Deri Hastalıkları:,,,,,,,,
"Mikroskopi: Nevüsler, Melanom, Bazal hücreli karsinom ",,,,,,,,
Makroskopi: Deri tümörleri,,,,,,,,
Uygulama 2.,,,,,,,,
Nöropatoloji,,,,,,,,
"Mikroskopi: Menenjit, meningiom, glioblastoma",,,,,,,,
"Makroskopi: Menenjitler, MSS tümörleri, kanamalar, hidrosefalus",,,,,,,,